{
  "init_freqs": [
    0.001,
    0.00251189,
    0.00630957,
    0.01584893,
    0.03981072,
    0.1,
    0.25118864,
    0.63095734,
    1.58489319,
    3.98107171,
    10.0,
    25.11886432,
    63.09573445,
    158.48931925,
    398.10717055,
    1000.0
  ],
  "learned_freqs": [
    0.00070096,
    -0.00140038,
    0.00745127,
    0.02371021,
    0.04860811,
    0.14748596,
    0.21048026,
    0.60960793,
    1.54951608,
    3.9707427,
    9.97171402,
    25.07950211,
    63.04894638,
    158.29136658,
    397.69586182,
    999.4654541
  ],
  "min_period_days": 0.001,
  "max_period_days": 1000.0,
  "kind": "time_bias",
  "n_freqs": 16
}