{"learned_freqs":[-0.000197797198779881,-0.00031847576610744,0.0005650859675370157,0.0007888262043707073,0.00489393575116992,0.015054751187562943,0.017582980915904045,-0.008501661941409111,0.00571783073246479,0.012850909493863583,0.020917754620313644,0.004788600839674473,0.01375051774084568,0.01956361159682274,0.054490625858306885,0.029589958488941193,0.03383657708764076,0.03315744176506996,0.04532352834939957,0.06445016711950302,0.06796211749315262,0.11343774199485779,0.1288074254989624,0.16326989233493805,0.18226782977581024,0.23994103074073792,0.2846602201461792,0.3927728831768036,0.46913501620292664,0.5891222953796387,0.7194147706031799,0.901952862739563,1.0993531942367554,1.4146697521209717,1.7452223300933838,2.163506269454956,2.678616762161255,3.334912061691284,4.14313268661499,5.155511379241943,6.449859142303467,8.02898120880127,10.012382507324219,12.456008911132812,15.520301818847656,19.320419311523438,24.03912925720215,29.948925018310547,37.2548942565918,46.41951370239258,57.7809944152832,71.96177673339844,89.60469055175781,111.58174133300781,138.97573852539062,173.00579833984375,215.44375610351562,268.2808837890625,334.0826110839844,415.9488525390625,517.947509765625,644.9449462890625,803.0859375,1000.0003662109375],"init_freqs":[0.001,0.0012451970847350332,0.0015505157798326253,0.0019306977288832496,0.002404099183509972,0.0029935772947204905,0.003727593720314938,0.004641588833612777,0.005779692884153313,0.0071968567300115215,0.00896150501946605,0.01115883992507748,0.013894954943731374,0.017301957388458945,0.021544346900318832,0.026826957952797246,0.03340484983513244,0.04159562163071847,0.0517947467923121,0.06449466771037621,0.08030857221391512,0.1,0.12451970847350319,0.15505157798326238,0.19306977288832497,0.24040991835099718,0.29935772947204903,0.3727593720314938,0.46415888336127775,0.5779692884153314,0.7196856730011514,0.8961505019466041,1.115883992507748,1.3894954943731375,1.7301957388458944,2.154434690031882,2.6826957952797246,3.340484983513244,4.1595621630718425,5.179474679231207,6.449466771037621,8.030857221391512,10.0,12.451970847350319,15.505157798326222,19.306977288832496,24.040991835099693,29.935772947204903,37.27593720314938,46.41588833612773,57.79692884153313,71.96856730011514,89.6150501946605,111.5883992507748,138.9495494373136,173.01957388458945,215.44346900318823,268.26957952797216,334.04849835132444,415.95621630718426,517.9474679231203,644.946677103762,803.0857221391504,1000.0],"min_period_days":0.001,"max_period_days":1000.0}