{
  "names": [
    "Layer 1",
    "Layer 2",
    "Layer 3",
    "Layer 4",
    "Layer 5",
    "Layer 6",
    "z_sig (final)",
    "default"
  ],
  "balanced_accuracy": [
    0.47830115392104916,
    0.4913811155620879,
    0.5044407945878179,
    0.5063036790606231,
    0.5113904807551987,
    0.5133285146565104,
    0.4787680958691828,
    0.4787680958691828
  ],
  "n_classes": 11,
  "n_sources": 25565
}