{
  "names": [
    "Layer 1",
    "Layer 2",
    "Layer 3",
    "Layer 4",
    "Layer 5",
    "Layer 6",
    "z_sig (final)",
    "default"
  ],
  "balanced_accuracy": [
    0.4940897310608363,
    0.5706242754477313,
    0.5911038137959013,
    0.6259231222773738,
    0.6331679189839498,
    0.6337257186562102,
    0.5694805362469628,
    0.5694805362469628
  ],
  "n_classes": 11,
  "n_sources": 25565
}